"Aberdeen, WA"
"Abilene, TX"
"Akron, OH"
"Albany, GA"
"Albany, NY"
"Albuquerque, NM"
"Alexandria, LA"
"Allentown, PA"
"Altoona, PA"
"Amarillo, TX"
"Ames, IA"
"Anderson, CA"
"Ann Arbor, MI"
"Annapolis, MD"
"Anniston, AL"
"Appleton, WI"
"Arcadia, WI"
"Arlington, TX"
"Artesia, NM"
"Asheboro, NC"
"Asheville, NC"
"Ashland, KY"
"Aspen, CO"
"Athens, GA"
"Athens, TN"
"Atlanta, GA"
"Atlantic City, NJ"
"Auburn, AL"
"Augusta, GA"
"Augusta, ME"
"Austin, TX"
"Bad Axe, MI"
"Baltimore, MD"
"Bangor, ME"
"Banning, CA"
"Baraboo, WI"
"Barnstable, MA"
"Barre, VT"
"Barstow, CA"
"Bartlesville, OK"
"Batesville, AR"
"Baton Rouge, LA"
"Beaumont, TX"
"Belle Glade, FL"
"Bellefontaine, OH"
"Bellevue, WA"
"Bellingham, WA"
"Bend, OR"
"Big Bear, CA"
"Big Sky, MT"
"Billings, MT"
"Biloxi, MS"
"Binghampton, NY"
"Birmingham, AL"
"Bishop, CA"
"Bismarck, ND"
"Blacksburg, VA"
"Bloomington, IL"
"Bloomington, MN"
"Bluefield, VA"
"Bluefield, WV"
"Bluffton, SC"
"Boca Grande, FL"
"Boise, ID"
"Boone, NC"
"Boston, MA"
"Boulder, CO"
"Bowling Green, KY"
"Bozeman, MT"
"Branson, MO"
"Breckenridge, CO"
"Brenham, TX"
"Bridgeport, WV"
"Bridgeton, NJ"
"Bristol, TN"
"Bristol, VA"
"Brookhaven, MS"
"Broomfield, CO"
"Brownsville, TX"
"Brunswick, GA"
"Bryan, TX"
"Buffalo, NY"
"Bullhead, AZ"
"Burlington, IA"
"Burlington, NC"
"Burlington, VT"
"Cabazon, CA"
"Calexico, CA"
"Calhoun, GA"
"Calistoga, CA"
"Camden, AL"
"Canon City, CO"
"Canton, OH"
"Cape Girardeau, MO"
"Cape May, NJ"
"Capistrano Beach, CA"
"Captiva, FL"
"Carbondale, IL"
"Carlsbad, NM"
"Carson City, NV"
"Casa Grande, AZ"
"Casper, WY"
"Cedar Rapids, IA"
"Centralia, WA"
"Champaign, IL"
"Charleston, SC"
"Charleston, WV"
"Charlotte, NC"
"Charlottesville, VA"
"Chattanooga, TN"
"Chehalis, WA"
"Cheyenne, WY"
"Chicago, IL"
"Chico, CA"
"Cincinnati, OH"
"Clarksburg, WV"
"Clarksville, TN"
"Claxton, GA"
"Cleveland, GA"
"Cleveland, OH"
"Cloquet, MN"
"Clovis, NM"
"Coachella, CA"
"Coalinga, CA"
"College Station, TX"
"Collierville, TN"
"Colorado Springs, CO"
"Columbia, MO"
"Columbia, SC"
"Columbus, GA"
"Columbus, IN"
"Columbus, OH"
"Concord, NH"
"Conway, NH"
"Copperas Cove, TX"
"Cordele, GA"
"Corning, NY"
"Corpus Christi, TX"
"Corsicana, TX"
"Cortlandt, NY"
"Cottonwood, AZ"
"Cumberland, MD"
"Cumberland, WI"
"Dallas, TX"
"Dalton, GA"
"Danbury, CT"
"Danville, VA"
"Dare, NC"
"Dartmouth, MA"
"Davenport, IA"
"Dayton, OH"
"Daytona Beach, FL"
"Decatur, IL"
"Defiance, OH"
"Delmar, DE"
"Denver, CO"
"Des Moines, IA"
"Destin, FL"
"Detroit Lakes, MN"
"Detroit, MI"
"Dickinson, ND"
"Dillon, CO"
"Dillon, MT"
"Dinuba, CA"
"Donna, TX"
"Dothan, AL"
"Dover, DE"
"Dubuque, IA"
"Duluth, MN"
"Eagle Pass, TX"
"Easton, MD"
"Eau Claire, WI"
"Edwards, CO"
"El Paso, TX"
"Elgin, IL"
"Elizabethtown, KY"
"Elmira, NY"
"Emporia, KS"
"Enterprise, AL"
"Erie, PA"
"Escanaba, MI"
"Essex County, MA"
"Essex, CT"
"Eugene, OR"
"Eureka, CA"
"Evansville, IN"
"Everett, WA"
"Fairfield County, CT"
"Fairfield, CA"
"Falls City, NE"
"Fargo, ND"
"Farmington, NM"
"Farmington, PA"
"Fayetteville, AR"
"Fayetteville, NC"
"Findlay, OH"
"Flagstaff, AZ"
"Flint, MI"
"Florence, AL"
"Florence, SC"
"Foley, AL"
"Fort Collins, CO"
"Fort Dodge, IA"
"Fort Lauderdale, FL"
"Fort Myers, FL"
"Fort Pierce, FL"
"Fort Smith, AR"
"Fort Walton Beach, FL"
"Fort Wayne, IN"
"Fort Worth, TX"
"Four Oaks, NC"
"Frederick, MD"
"Fredericksburg, VA"
"Fremont, IN"
"Fresno, CA"
"Gadsden, AL"
"Gainesville, FL"
"Gainesville, TX"
"Gallup, NM"
"Gary, IN"
"Gatlinburg, TN"
"Geneva, NY"
"Georgetown, TX"
"Gettysburg, PA"
"Goldsboro, NC"
"Gosnell, AR"
"Graham, TX"
"Grand Forks, ND"
"Grand Island, NE"
"Grand Junction, CO"
"Grand Rapids, MI"
"Great Falls, MT"
"Green Bay, WI"
"Greensboro, GA"
"Greensboro, NC"
"Greenville, MS"
"Greenville, NC"
"Greenville, SC"
"Greenville, TX"
"Greenwood, MS"
"Gresham, OR"
"Griffin, GA"
"Grove City, PA"
"Gulfport, MS"
"Hagerstown, MD"
"Hammond, LA"
"Hanford, CA"
"Harbor Springs, MI"
"Harrison, ID"
"Harrisonburg, VA"
"Hartford, CT"
"Hartwell, GA"
"Hastings, NE"
"Hattiesburg, MS"
"Hayward, WI"
"Hazard, KY"
"Hazle Township, PA"
"Henderson, NV"
"Hendersonville, NC"
"Hermiston, OR"
"Hickory, NC"
"Hidalgo, TX"
"Highlands, NC"
"Hillsboro, OR"
"Hillsboro, TX"
"Hilo, HI"
"Honolulu, HI"
"Hood River, OR"
"Hot Springs, AR"
"Houma, LA"
"Houston, TX"
"Howell, MI"
"Huntington, WV"
"Huntsville, AL"
"Huntsville, TX"
"Idaho Falls, ID"
"Indianapolis, IN"
"Indiatlantic, FL"
"Inverness, FL"
"Iowa City, IA"
"Irvington, VA"
"Ithaca, NY"
"Jackson, CA"
"Jackson, MI"
"Jackson, MS"
"Jackson, TN"
"Jackson, WY"
"Jacksonville, FL"
"Jacksonville, NC"
"Jamestown, NY"
"Janesville, WI"
"Jasper, TX"
"Jefferson City, MO"
"Jeffersonville, OH"
"Johnson City, TN"
"Johnstown, PA"
"Jonesboro, AR"
"Joplin, MO"
"Kailua, HI"
"Kailua-Kona, HI"
"Kaneohe, HI"
"Kansas City, MO"
"Kennebunk, ME"
"Kennewick, WA"
"Kenosha, WI"
"Key Largo, FL"
"Key West, FL"
"Killeen, TX"
"King of Prussia, PA"
"Kingman, AZ"
"Kingsport, TN"
"Kingston, NY"
"Kinston, NC"
"Knoxville, TN"
"Kohala Coast, HI"
"Kokomo, IN"
"Koloa, HI"
"La Crosse, WI"
"Lafayette, IN"
"Lafayette, LA"
"Lagrange, GA"
"Lake Charles, LA"
"Lake Elsinore, CA"
"Lake Havasu City, AZ"
"Lake Jackson, TX"
"Lakeland, FL"
"Lakeside, AZ"
"Lancaster, CA"
"Lancaster, PA"
"Lansing, MI"
"Laramie, WY"
"Laredo, TX"
"Las Cruces, NM"
"Las Vegas, NV"
"Laughlin, NV"
"Laurel, MS"
"Lawton, OK"
"Lebanon, MO"
"Lebanon, NH"
"Leesburg, FL"
"Leominster, MA"
"Lewiston, ID"
"Liberal, KS"
"Lihue, HI"
"Lima, OH"
"Lincoln City, OR"
"Lincoln, NE"
"Lincolnwood, IL"
"Little Rock, AR"
"Long Beach, CA"
"Long Island, NY"
"Longview, TX"
"Los Angeles, CA"
"Louisville, KY"
"Lubbock, TX"
"Lufkin, TX"
"Lumberton, NC"
"Lynchburg, VA"
"Macon, GA"
"Madison, WI"
"Mahoning Valley, OH"
"Malibu, CA"
"Manatee County, FL"
"Manchester, VT"
"Manhattan, KS"
"Mankato, MN"
"Mansfield, OH"
"Marshall, MN"
"Martha's Vineyard, MA"
"Mattoon, IL"
"Maui, HI"
"McAlester, OK"
"McAllen, TX"
"McPherson, KS"
"Mccomb, MS"
"Medford, OR"
"Melbourne, FL"
"Memphis, TN"
"Menomonie, WI"
"Merced, CA"
"Meridian, ID"
"Meridian, MS"
"Merrimack, NH"
"Mesa, AZ"
"Mesquite, NV"
"Miami, FL"
"Michigan City, IN"
"Middleburg, VA"
"Midland, TX"
"Mifflinburg, PA"
"Millsboro, DE"
"Milton, PA"
"Milwaukee, WI"
"Minneapolis, MN"
"Minot, ND"
"Miramar Beach, FL"
"Missoula, MT"
"Mitchell, SD"
"Mobile, AL"
"Modesto, CA"
"Monmouth County, NJ"
"Monroe, LA"
"Monterey, CA"
"Montgomery, AL"
"Montgomery, TX"
"Morehead City, NC"
"Moreno Valley, CA"
"Morganton, NC"
"Morgantown, WV"
"Morristown, TN"
"Moultrie, GA"
"Mount Pocono, PA"
"Muncie, IN"
"Myrtle Beach, SC"
"Nacogdoches, TX"
"Nampa, ID"
"Nantucket, MA"
"Nanuet, NY"
"Napa, CA"
"Naples, FL"
"Nashville, TN"
"Natchez, MS"
"Natchitoches, LA"
"New Boston, OH"
"New Haven, CT"
"New London County, CT"
"New Orleans, LA"
"New Prague, MN"
"New York, NY"
"Newark, NJ"
"Newburyport, MA"
"Newport, OR"
"Newport, RI"
"Nogales, AZ"
"Norfolk, VA"
"North Branch, MN"
"North Las Vegas, NV"
"North Platte, NE"
"Northfield, MN"
"Oak Brook, IL"
"Oak Harbor, WA"
"Oakhurst, CA"
"Oakland, CA"
"Ocala, FL"
"Ocean City, MD"
"Ocean County, NJ"
"Oklahoma City, OK"
"Omaha, NE"
"Ontario, OR"
"Orangeburg, SC"
"Orem, UT"
"Orlando, FL"
"Oroville, CA"
"Osage Beach, MO"
"Oshkosh, WI"
"Overland Park, KS"
"Owatonna, MN"
"Owensboro, KY"
"Oxford, AL"
"Oxford, MS"
"Paducah, KY"
"Pahrump, NV"
"Palestine, TX"
"Palm Springs, CA"
"Panama City, FL"
"Paris, TN"
"Payson, AZ"
"Pearl City, HI"
"Pennsdale, PA"
"Pensacola, FL"
"Peoria, IL"
"Philadelphia, PA"
"Phoenix, AZ"
"Pierre, SD"
"Pine Bluff, AR"
"Pinehurst, NC"
"Pismo Beach, CA"
"Pittsburgh, PA"
"Pittsfield, MA"
"Platteville, WI"
"Plattsburgh, NY"
"Pocatello, ID"
"Ponchatoula, LA"
"Port Orchard, WA"
"Port St. Lucie, FL"
"Portage, MI"
"Portales, NM"
"Portland, ME"
"Portland, OR"
"Portsmouth, NH"
"Potsdam, NY"
"Poulsbo, WA"
"Poway, CA"
"Prairie Du Chien, WI"
"Prescott, AZ"
"Price, UT"
"Primm, NV"
"Princeville, NC"
"Prosperity, WV"
"Providence, RI"
"Provo, UT"
"Pueblo, CO"
"Queensbury, NY"
"Queenstown, MD"
"Racine, WI"
"Raleigh, NC"
"Raleigh-Durham, NC"
"Rapid City, SD"
"Reading, PA"
"Red Wing, MN"
"Redding, CA"
"Redlands, CA"
"Rehoboth Beach, DE"
"Reno, NV"
"Richmond, IN"
"Richmond, VA"
"Ridgecrest, CA"
"Roanoke Rapids, NC"
"Rochester, MN"
"Rochester, NY"
"Rock Springs, WY"
"Rockford, IL"
"Rockingham, NC"
"Rocky Mount, NC"
"Rome, GA"
"Rome, NY"
"Rutland, VT"
"Sacramento, CA"
"Saginaw, MI"
"Saint Francisville, LA"
"Saint James, MO"
"Salem, NH"
"Salem, OR"
"Salisbury, MD"
"Salt Lake City, UT"
"San Angelo, TX"
"San Antonio, TX"
"San Clemente, CA"
"San Diego, CA"
"San Francisco, CA"
"San Jose, CA"
"San Luis Obispo, CA"
"Sandersville, GA"
"Sandusky, OH"
"Sanford, NC"
"Santa Ana, CA"
"Santa Barbara, CA"
"Santa Clarita, CA"
"Santa Cruz, CA"
"Santa Fe, NM"
"Santa Maria, CA"
"Santa Paula, CA"
"Santa Rosa, CA"
"Saranac Lake, NY"
"Sarasota, FL"
"Saratoga Springs, NY"
"Savannah, GA"
"Scottsbluff, NE"
"Scranton, PA"
"Seaside, OR"
"Seattle, WA"
"Sedona, AZ"
"Selinsgrove, PA"
"Selma, AL"
"Sheboygan, WI"
"Sherman, TX"
"Shorewood, IL"
"Shreveport, LA"
"Sierra Vista, AZ"
"Sikeston, MO"
"Silverdale, WA"
"Sioux City, IA"
"Sioux Falls, SD"
"Smithfield, NC"
"South Bend, IN"
"South Williamson, KY"
"Southern Pines, NC"
"Sparks, NV"
"Spirit Lake, IA"
"Spokane, WA"
"Springdale, AR"
"Springfield, IL"
"Springfield, MA"
"Springfield, MO"
"Springfield, OH"
"St. Cloud, MN"
"St. George, UT"
"St. Louis, MO"
"St. Paul, MN"
"St. Petersburg, FL"
"State College, PA"
"Statesboro, GA"
"Steamboat Springs, CO"
"Sterling Heights, MI"
"Stillwater, OK"
"Stockton, CA"
"Stroudsburg, PA"
"Sumter, SC"
"Sun Valley, ID"
"Sycamore, IL"
"Syracuse, NY"
"Tacoma, WA"
"Tallahassee, FL"
"Tampa, FL"
"Tannersville, PA"
"Taunton, MA"
"Telluride, CO"
"Temecula, CA"
"Temple, TX"
"Terre Haute, IN"
"Texarkana, TX"
"Thatcher, AZ"
"The Dalles, OR"
"The Villages, FL"
"Thomasville, GA"
"Thousand Oaks, CA"
"Tifton, GA"
"Tilton, NH"
"Toledo, OH"
"Topeka, KS"
"Traverse City, MI"
"Trenton, NJ"
"Tucson, AZ"
"Tukwila, WA"
"Tulaip, WA"
"Tulare, CA"
"Tulsa, OK"
"Tupelo, MS"
"Tuscaloosa, AL"
"Tuscola, IL"
"Twin Falls, ID"
"Tyler, TX"
"Union City, TN"
"Union Gap, WA"
"Uniontown, PA"
"Utica, NY"
"Vail, CO"
"Valdosta, GA"
"Valencia, CA"
"Vallejo, CA"
"Vancouver, WA"
"Ventura, CA"
"Vicksburg, MS"
"Victoria, TX"
"Victorville, CA"
"Vienna, WV"
"Vineland, NJ"
"Virginia Beach, VA"
"Visalia, CA"
"Waco, TX"
"Waconia, MN"
"Waikoloa, HI"
"Wareham, MA"
"Warner Robins, GA"
"Warren, MI"
"Warrenton, OR"
"Washington Depot, CT"
"Washington, DC"
"Waterloo, IA"
"Waterloo, NY"
"Watertown, NY"
"Watertown, SD"
"Watsonville, CA"
"Waukegan, IL"
"Wausau, WI"
"Waycross, GA"
"Wenatchee, WA"
"West Branch, MI"
"West Jordan, UT"
"West Palm Beach, FL"
"West Plains, MO"
"West Valley City, UT"
"Westchester, NY"
"Westerly, RI"
"Westminster, MD"
"Westport, CT"
"Wheeling, OH"
"White Sulphur Springs, WV"
"Wichita Falls, TX"
"Wichita, KS"
"Williamsburg, IA"
"Williamsport, PA"
"Wilmington, DE"
"Wilmington, NC"
"Winchester, VA"
"Winston-Salem, NC"
"Wise, VA"
"Woodbury, NY"
"Woodstock, GA"
"Worcester, MA"
"Wytheville, VA"
"York, PA"
"Youngstown, OH"
"Yuba City, CA"
"Yuma, AZ"
"Zanesville, OH"
"Zephyr Cove, NV"
