"Austin, TX"
"San Marcos, TX"
"Dallas, TX"
"Houston, TX"
"Nashville, TN"
"San Antonio, TX"
"Phoenix, AZ"
"Washington, D.C."
"Orlando, FL"
"Miami, FL"
"New York, NY"
"Boston, MA"
"Woodbury, NY"
"Las Vegas, NV"
"Tampa, FL"
"Long Island, NY"
"Charleston, SC"
"Fort Walton Beach, FL"
"Newark, NJ"
"Los Angeles, CA"
"Atlanta, GA"
"Denver, CO"
"Detroit, MI"
"Chicago, IL"
"Charlotte, NC"
"Westport, CT"
"King of Prussia, PA"
"Cabazon, CA"
"San Jose, CA"
"Tulsa, OK"
"Minneapolis, MN"
"Memphis, TN"
"New Orleans, LA"
"San Diego, CA"
"St. Louis, MO"
"Portland, OR"
"Seattle, WA"
"Knoxville, TN"
"San Francisco, CA"
"Cincinnati, OH"
"Baton Rouge, LA"
"Savannah, GA"
"Bakersfield, CA"
"Fresno, CA"
"Salt Lake City, UT"
"Biloxi, MS"
"Raleigh-Durham, NC"
"Columbus, OH"
"Westchester, NY"
"Wilmington, DE"
"Boulder, CO"
"Milwaukee, WI"
"Fort Myers, FL"
"Indianapolis, IN"
"Sacramento, CA"
"Omaha, NE"